{"train_loss": 1.2556401747704404, "train_accuracy": 0.5582592592592592, "val_loss": 1.3549237042047177, "val_accuracy": 0.5355, "val_mse_loss": null, "epoch": 9, "_timestamp": 1679132725.2499452, "_runtime": 84.04874324798584, "_step": 9, "_wandb": {"runtime": 83}}