{"train_loss": 0.41315224528589634, "train_accuracy": 0.8487222222222223, "val_loss": 0.4247162302650058, "val_accuracy": 0.8431666666666666, "epoch": 5, "_timestamp": 1678543856.4532762, "_runtime": 56.760234117507935, "_step": 4, "_wandb": {"runtime": 55}}