{"epoch": 9, "train_loss": 0.8927663407730233, "train_accuracy": 0.0, "_timestamp": 1677673125.5248985, "_runtime": 33.33856964111328, "_step": 9, "_wandb": {"runtime": 28}}