{"train_loss": 2.3025850929940432, "train_accuracy": 0.10025925925925926, "val_loss": 2.3025850929940432, "val_accuracy": 0.09766666666666667, "val_mse_loss": null, "epoch": 4, "_timestamp": 1679138965.7392318, "_runtime": 16.01323175430298, "_step": 4, "_wandb": {"runtime": 15}}