{"train_loss": 0.5314291881007176, "train_accuracy": 0.8089814814814815, "val_loss": 0.5546216306134966, "val_accuracy": 0.8021666666666667, "epoch": 5, "_timestamp": 1678542549.0092018, "_runtime": 136.9135618209839, "_step": 4, "_wandb": {"runtime": 136}}