{"loss": 1.8278139461256953, "accuracy": 0.0, "_timestamp": 1677667092.760934, "_runtime": 11.531938076019287, "_step": 0, "_wandb": {"runtime": 10}}