{"loss": 1.0887410117810896, "accuracy": 0.0, "_timestamp": 1677667243.669153, "_runtime": 9.553861856460571, "_step": 0, "_wandb": {"runtime": 8}}