{"epoch": 1, "train_loss": 1.267703683282453, "train_accuracy": 0.0, "_timestamp": 1677672985.7337446, "_runtime": 43.7847945690155, "_step": 1, "_wandb": {"runtime": 53}}