{"epoch": 4, "train_loss": 0.8188718095331257, "train_accuracy": 0.0, "_timestamp": 1677673248.2038898, "_runtime": 43.42365479469299, "_step": 4, "_wandb": {"runtime": 42}}