{"epoch": 4, "train_loss": 1.0429775593329074, "train_accuracy": 0.0, "_timestamp": 1677673320.7396913, "_runtime": 60.4520001411438, "_step": 4, "_wandb": {"runtime": 59}}