{"train_loss": 2.316027863732537, "train_accuracy": 0.10025925925925926, "val_loss": 2.3025850929940455, "val_accuracy": 0.09766666666666667, "epoch": 10, "_timestamp": 1678544024.8298435, "_runtime": 53.69836354255676, "_step": 9, "_wandb": {"runtime": 52}}