{"epoch": 4, "train_loss": 1.2136109361943692, "train_accuracy": 0.0, "_timestamp": 1677673073.9126697, "_runtime": 57.382466554641724, "_step": 6, "_wandb": {"runtime": 52}}