{"epoch": 9, "train_loss": 0.7832190040689051, "train_accuracy": 0.0, "_timestamp": 1677673190.88468, "_runtime": 52.75467610359192, "_step": 9, "_wandb": {"runtime": 50}}