{"train_loss": 0.3958427909424191, "train_accuracy": 0.8565185185185186, "val_loss": 0.41987739859570705, "val_accuracy": 0.8445, "epoch": 5, "_timestamp": 1678544484.4658222, "_runtime": 89.51035118103027, "_step": 4, "_wandb": {"runtime": 88}}