{"loss": 1.7688507737333097, "accuracy": 0.0, "_timestamp": 1677667150.0779214, "_runtime": 14.673182487487793, "_step": 0, "_wandb": {"runtime": 13}}