{"loss": 0.999862257621213, "accuracy": 0.0, "_timestamp": 1677667121.8053286, "_runtime": 18.299986600875854, "_step": 0, "_wandb": {"runtime": 17}}