{"train_loss": 2.304150649069025, "train_accuracy": 0.10896296296296297, "val_loss": 2.3051859971062316, "val_accuracy": 0.1075, "epoch": 5, "_timestamp": 1678542306.5640862, "_runtime": 31.58327317237854, "_step": 4, "_wandb": {"runtime": 30}}