{"loss": 1.9676173865414353, "accuracy": 0.0, "_timestamp": 1677667179.9492977, "_runtime": 11.271844625473022, "_step": 0, "_wandb": {"runtime": 10}}