{"epoch": 4, "train_loss": 0.9885747114619948, "train_accuracy": 0.0, "_timestamp": 1677672874.9906728, "_runtime": 11.609519720077515, "_step": 4, "_wandb": {"runtime": 10}}