{"train_loss": 0.5762259448049281, "train_accuracy": 0.7964444444444444, "val_loss": 0.6001808149304911, "val_accuracy": 0.7811666666666667, "val_mse_loss": null, "epoch": 9, "_timestamp": 1679132091.337897, "_runtime": 77.3379180431366, "_step": 9, "_wandb": {"runtime": 76}}