{"loss": 1.5974654923415088, "accuracy": 0.0, "_timestamp": 1677667069.5316222, "_runtime": 15.336127281188965, "_step": 0, "_wandb": {"runtime": 14}}