{"loss": 1.1173982827240776, "accuracy": 0.0, "_timestamp": 1677667042.385031, "_runtime": 10.103753089904785, "_step": 0, "_wandb": {"runtime": 9}}