{"train_loss": NaN, "train_accuracy": 0.600462962962963, "val_loss": NaN, "val_accuracy": 0.5866666666666667, "epoch": 5, "_timestamp": 1678542262.8063855, "_runtime": 108.25224447250366, "_step": 4, "_wandb": {"runtime": 107}}