{"loss": 1.8099250738964836, "accuracy": 0.0, "_timestamp": 1677667200.887562, "_runtime": 10.020167112350464, "_step": 0, "_wandb": {"runtime": 9}}