{"epoch": 9, "train_loss": 0.9292546458780591, "train_accuracy": 0.0, "_timestamp": 1677672929.0863729, "_runtime": 33.44748592376709, "_step": 9, "_wandb": {"runtime": 32}}