{"loss": 1.8684857411206512, "accuracy": 0.0, "_timestamp": 1677667019.9705758, "_runtime": 10.103197813034058, "_step": 0, "_wandb": {"runtime": 9}}