{"train_loss": NaN, "train_accuracy": 0.10025925925925926, "val_loss": 2.3025850929940432, "val_accuracy": 0.09766666666666667, "val_mse_loss": null, "epoch": 9, "_timestamp": 1679138474.6890562, "_runtime": 31.200825214385986, "_step": 9, "_wandb": {"runtime": 30}}