{"loss": 1.3744820496297405, "accuracy": 0.0, "_timestamp": 1677667221.3632348, "_runtime": 9.464563846588135, "_step": 0, "_wandb": {"runtime": 8}}